Code,ISU_CD,Name,Market,Dept,Close,ChangeCode,Changes,ChagesRatio,Open,High,Low,Volume,Amount,Marcap,Stocks,MarketId
005930,KR7005930003,삼성전자,KOSPI,,148950,1,5050,3.51,145300,149500,144300,19086923,2814598161000,881730068481900,5919637922,STK
000660,KR7000660001,SK하이닉스,KOSPI,,755000,1,6000,0.8,751000,763000,747000,2283281,1722403249000,549641785575000,728002365,STK
373220,KR7373220003,LG에너지솔루션,KOSPI,,392500,1,500,0.13,394000,398000,390000,154629,60836478750,91845000000000,234000000,STK
207940,KR7207940008,삼성바이오로직스,KOSPI,,1933000,2,-32000,-1.63,1980000,1981000,1895000,38598,74027778500,89480408283000,46290951,STK
005380,KR7005380001,현대차,KOSPI,,420000,2,-2000,-0.47,426500,426500,418000,1324403,558708174750,85998261720000,204757766,STK
012450,KR7012450003,한화에어로스페이스,KOSPI,,1294000,3,0,0.0,1308000,1319000,1287000,173384,225559877500,66723040894000,51563401,STK
329180,KR7329180004,HD현대중공업,KOSPI,,625000,2,-6000,-0.95,631000,631000,613000,100553,62589464000,65600765625000,104961225,STK
034020,KR7034020008,두산에너빌리티,KOSPI,,95500,1,6000,6.7,90100,96400,89900,13115495,1226864396100,61173589443000,640561146,STK
000270,KR7000270009,기아,KOSPI,,153400,1,900,0.59,158000,159500,152900,1640833,256554661800,59889353893200,390412998,STK
402340,KR7402340004,SK스퀘어,KOSPI,,435500,1,6000,1.4,430500,436500,424500,180230,77769733750,57523938582500,132087115,STK
105560,KR7105560007,KB금융,KOSPI,,130900,1,800,0.61,131500,131900,128800,398271,51896489650,49933389282700,381462103,STK
028260,KR7028260008,삼성물산,KOSPI,,288000,1,2000,0.7,290500,290500,283000,124987,35784145750,48953244672000,169976544,STK
068270,KR7068270008,셀트리온,KOSPI,,209500,2,-1000,-0.48,210000,210000,205500,323808,67145490500,48386323005500,230960969,STK
042660,KR7042660001,한화오션,KOSPI,,147000,2,-1900,-1.28,149800,151100,144600,1570265,231416690950,45042768918000,306413394,STK
012330,KR7012330007,현대모비스,KOSPI,,440000,2,-10500,-2.33,449000,449500,437500,346679,153228127000,39922336520000,90732583,STK
055550,KR7055550008,신한지주,KOSPI,,79700,1,300,0.38,79600,79800,78700,568142,45048652400,38693946239800,485494934,STK
035420,KR7035420009,NAVER,KOSPI,,245500,2,-2000,-0.81,248500,248500,243500,1215476,298384103750,38507322629000,156852638,STK
015760,KR7015760002,한국전력,KOSPI,,54400,1,600,1.12,54300,55500,54000,2558902,139967019650,34922845788800,641964077,STK
032830,KR7032830002,삼성생명,KOSPI,,170800,1,9600,5.96,162800,176900,162600,426711,73252265250,34160000000000,200000000,STK
267260,KR7267260008,HD현대일렉트릭,KOSPI,,902000,1,10000,1.12,910000,915000,888000,95820,86183697500,32514515770000,36047135,STK
010130,KR7010130003,고려아연,KOSPI,,1555000,1,117000,8.14,1501000,1597000,1456000,100711,155961479500,32457466795000,20872969,STK
009540,KR7009540006,HD한국조선해양,KOSPI,,436000,2,-4000,-0.91,439000,441000,427000,100503,43528337750,30857078576000,70773116,STK
005490,KR7005490008,POSCO홀딩스,KOSPI,,340000,2,-11500,-3.27,353500,354000,339500,459701,158284890000,27517203680000,80932952,STK
086790,KR7086790003,하나금융지주,KOSPI,,96700,1,500,0.52,97000,97000,95800,324132,31247838400,26914106213800,278325814,STK
010140,KR7010140002,삼성중공업,KOSPI,,29550,2,-600,-1.99,30350,30400,29450,5221193,155247643825,26004000000000,880000000,STK
035720,KR7035720002,카카오,KOSPI,,57600,2,-900,-1.54,58400,58500,57100,1940960,111628717050,25487724672000,442495220,STK
051910,KR7051910008,LG화학,KOSPI,,336000,3,0,0.0,337000,343000,334000,137600,46445359500,23719027248000,70592343,STK
064350,KR7064350002,현대로템,KOSPI,,215500,2,-4000,-1.82,221000,221500,213000,430140,92792467500,23520164141500,109142293,STK
006400,KR7006400006,삼성SDI,KOSPI,,288500,2,-3000,-1.03,291500,292000,286000,267314,77133725750,23248925405000,80585530,STK
000810,KR7000810002,삼성화재,KOSPI,,490000,1,14500,3.05,480000,513000,478500,116619,57731190750,22545465950000,46011155,STK
034730,KR7034730002,SK,KOSPI,,300000,2,-1500,-0.5,306500,307000,295000,132357,39489805750,21750810900000,72502703,STK
009150,KR7009150004,삼성전기,KOSPI,,286500,2,-3000,-1.04,291500,291500,279500,404958,115105662750,21399743904000,74693696,STK
298040,KR7298040007,효성중공업,KOSPI,,2287000,1,44000,1.96,2273000,2338000,2204000,40424,91300287000,21325241276000,9324548,STK
316140,KR7316140003,우리금융지주,KOSPI,,27800,2,-200,-0.71,28050,28050,27550,866519,24038609050,20407321696000,734076320,STK
086280,KR7086280005,현대글로비스,KOSPI,,258000,2,-8000,-3.01,270500,270500,258000,328976,86611315500,19350000000000,75000000,STK
011200,KR7011200003,HMM,KOSPI,,20050,2,-200,-0.99,20350,20400,20000,1342158,26961744950,18911921298500,943237970,STK
267250,KR7267250009,HD현대,KOSPI,,235000,3,0,0.0,239500,240000,230000,99133,23213079250,18563374975000,78993085,STK
138040,KR7138040001,메리츠금융지주,KOSPI,,105400,1,2500,2.43,103900,105500,101500,136772,14313976200,18468374874200,175221773,STK
096770,KR7096770003,SK이노베이션,KOSPI,,106400,2,-1200,-1.12,107000,107400,106000,149546,15929464350,17987216643200,169052788,STK
006800,KR7006800007,미래에셋증권,KOSPI,,31050,1,300,0.98,31000,32600,30700,4267521,134173450325,17608012040700,567085734,STK
042700,KR7042700005,한미반도체,KOSPI,,179100,2,-900,-0.5,185700,185700,179000,901157,163398623050,17070415020000,95312200,STK
272210,KR7272210006,한화시스템,KOSPI,,90100,2,-6400,-6.63,95200,96300,89600,2803737,256654832850,17021636948900,188919389,STK
003670,KR7003670007,포스코퓨처엠,KOSPI,,190200,2,-5200,-2.66,195500,196000,190000,192613,36963536000,16917571044000,88946220,STK
033780,KR7033780008,KT&G,KOSPI,,143200,2,-500,-0.35,143400,143900,142800,130849,18735200450,16894255564000,117976645,STK
0126Z0,KR70126Z0002,삼성에피스홀딩스,KOSPI,,661000,2,-24000,-3.5,683000,683000,652000,134456,88658503500,16447695389000,24883049,STK
024110,KR7024110009,기업은행,KOSPI,,20600,2,-100,-0.48,20750,20800,20550,648357,13350858275,16426972901400,797425869,STK
066570,KR7066570003,LG전자,KOSPI,,98400,1,4400,4.68,95100,103700,94300,3824028,381967886500,16028020480800,162886387,STK
010120,KR7010120004,LS ELECTRIC,KOSPI,,529000,1,3000,0.57,536000,537000,519000,107465,56784163000,15870000000000,30000000,STK
047810,KR7047810007,한국항공우주,KOSPI,,158100,2,-8500,-5.1,165200,165300,158100,817296,131266777150,15410814416700,97475107,STK
352820,KR7352820005,하이브,KOSPI,,340000,1,1500,0.44,340500,346500,336000,280238,95489302250,14474025760000,42570664,STK
018260,KR7018260000,삼성에스디에스,KOSPI,,180300,1,5400,3.09,178200,184200,177100,275440,49858188350,13951217340000,77377800,STK
030200,KR7030200000,KT,KOSPI,,54400,1,1100,2.06,54000,55200,53800,295386,16094548000,13709979664000,252021685,STK
003550,KR7003550001,LG,KOSPI,,88600,1,3800,4.48,87700,92400,84100,770358,68896550450,13664032431000,154221585,STK
000150,KR7000150003,두산,KOSPI,,822000,2,-12000,-1.44,834000,835000,810000,79357,65247399000,13311332370000,16193835,STK
307950,KR7307950006,현대오토에버,KOSPI,,479500,2,-12500,-2.54,507000,509000,479500,207250,102417199000,13149799369000,27423982,STK
017670,KR7017670001,SK텔레콤,KOSPI,,55400,1,500,0.91,55600,55600,55000,564569,31213031950,11899368936200,214790053,STK
079550,KR7079550000,LIG넥스원,KOSPI,,533000,2,-23000,-4.14,551000,552000,532000,125335,67401759500,11726000000000,22000000,STK
000720,KR7000720003,현대건설,KOSPI,,101400,1,1500,1.5,99600,105900,97400,2100826,212564558950,11291474571000,111355765,STK
259960,KR7259960003,크래프톤,KOSPI,,234000,1,500,0.21,235000,237000,232500,45714,10709742500,11092496454000,47403831,STK
323410,KR7323410001,카카오뱅크,KOSPI,,21350,1,50,0.23,21400,21450,21200,472897,10065046925,10184194179950,477011437,STK
071050,KR7071050009,한국금융지주,KOSPI,,182700,1,5700,3.22,179200,183600,177300,176972,31994990300,10181138738400,55725992,STK
047050,KR7047050000,포스코인터내셔널,KOSPI,,57700,3,0,0.0,57500,58500,56500,596764,34439274750,10150744867600,175922788,STK
010950,KR7010950004,S-Oil,KOSPI,,89500,2,-2300,-2.51,90600,91800,89200,144268,13005926850,10076159884000,112582792,STK
326030,KR7326030004,SK바이오팜,KOSPI,,120500,1,900,0.75,119700,120700,118000,141673,16841012650,9436746625000,78313250,STK
000880,KR7000880005,한화,KOSPI,,125000,2,-11500,-8.42,134300,134600,124800,1208390,153954528100,9369841875000,74958735,STK
278470,KR7278470000,에이피알,KOSPI,,242500,1,5000,2.11,239000,247000,235500,298688,72688279500,9076933837500,37430655,STK
003230,KR7003230000,삼양식품,KOSPI,,1193000,1,1000,0.08,1196000,1200000,1185000,16823,20065761000,8986886895000,7533015,STK
007660,KR7007660004,이수페타시스,KOSPI,,122300,1,100,0.08,124300,124300,119700,799135,97203729450,8977947483700,73409219,STK
003490,KR7003490000,대한항공,KOSPI,,24300,1,1300,5.65,23400,25050,23400,12366559,303832472125,8947762062300,368220661,STK
005830,KR7005830005,DB손해보험,KOSPI,,125000,1,2300,1.87,124200,126300,123400,105945,13223236300,8850000000000,70800000,STK
039490,KR7039490008,키움증권,KOSPI,,327000,1,1000,0.31,332500,332500,323500,63306,20674944000,8761504257000,26793591,STK
000100,KR7000100008,유한양행,KOSPI,,108450,1,250,0.23,108000,108700,106300,235248,25195574450,8672576992650,79968437,STK
180640,KR7180640005,한진칼,KOSPI,,128900,1,4600,3.7,124400,137300,122800,128075,16810442850,8605657763100,66762279,STK
443060,KR7443060009,HD현대마린솔루션,KOSPI,,189100,2,-6300,-3.22,194900,194900,188600,97130,18432287900,8477203611000,44829210,STK
005940,KR7005940002,NH투자증권,KOSPI,,22725,1,475,2.13,22450,22750,22300,596620,13481976875,8097925785525,356344369,STK
161390,KR7161390000,한국타이어앤테크놀로지,KOSPI,,62200,1,400,0.65,62200,62600,60500,158510,9817870800,7705029291800,123875069,STK
016360,KR7016360000,삼성증권,KOSPI,,83900,1,1500,1.82,82600,84100,82100,370843,30893125100,7492270000000,89300000,STK
090430,KR7090430000,아모레퍼시픽,KOSPI,,122200,1,2400,2.0,120100,123000,119500,231781,28145954900,7147815149800,58492759,STK
006260,KR7006260004,LS,KOSPI,,224000,1,2000,0.9,226000,227000,220000,107466,24105623250,7100800000000,31700000,STK
011070,KR7011070000,LG이노텍,KOSPI,,286000,1,6500,2.33,281500,288000,275000,113757,32267160250,6768792602000,23667107,STK
064400,KR7064400005,LG씨엔에스,KOSPI,,69700,1,1600,2.35,74500,76200,69200,3798632,273903704350,6752950575600,96885948,STK
377300,KR7377300009,카카오페이,KOSPI,,48950,2,-750,-1.51,49850,50200,48750,176946,8701424225,6615355092500,135145150,STK
032640,KR7032640005,LG유플러스,KOSPI,,15110,2,-130,-0.85,15230,15280,15070,335803,5089281140,6494706444050,429828355,STK
034220,KR7034220004,LG디스플레이,KOSPI,,12610,1,370,3.02,12350,13000,12310,3345313,42638537105,6305000000000,500000000,STK
022100,KR7022100002,포스코DX,KOSPI,,41300,1,2650,6.86,42200,43350,40400,9631113,403002823100,6279034307700,152034729,STK
029780,KR7029780004,삼성카드,KOSPI,,52700,1,300,0.57,52500,53200,52200,40606,2138849550,6105763555700,115858891,STK
241560,KR7241560002,두산밥캣,KOSPI,,62300,1,300,0.48,62500,62700,60900,129380,7999534050,5971832849500,95856065,STK
454910,KR7454910001,두산로보틱스,KOSPI,,91300,3,0,0.0,92000,96800,90000,1300343,121585639400,5918064174000,64819980,STK
128940,KR7128940004,한미약품,KOSPI,,437000,1,500,0.11,430500,437000,420000,98161,41915199250,5598403067000,12810991,STK
078930,KR7078930005,GS,KOSPI,,60000,2,-800,-1.32,60400,60400,59500,82560,4947614500,5574922680000,92915378,STK
021240,KR7021240007,코웨이,KOSPI,,77500,2,-100,-0.13,77900,78100,76700,263777,20446201800,5572957807500,71909133,STK
001040,KR7001040005,CJ,KOSPI,,188400,2,-1600,-0.84,189400,189500,185400,55231,10379074650,5496946423200,29176998,STK
088980,KR7088980008,맥쿼리인프라,KOSPI,,11260,1,70,0.63,11170,11270,11170,952443,10707369995,5392661641180,478921993,STK
036570,KR7036570000,엔씨소프트,KOSPI,,235500,2,-8500,-3.48,240500,241500,232500,115946,27357584000,5073617181000,21544022,STK
028050,KR7028050003,삼성E&A,KOSPI,,25700,2,-200,-0.77,26200,26200,25250,469407,12008672350,5037200000000,196000000,STK
009830,KR7009830001,한화솔루션,KOSPI,,28650,2,-950,-3.21,29800,29850,28400,1227096,35381937050,4924721156400,171892536,STK
001440,KR7001440007,대한전선,KOSPI,,25900,3,0,0.0,26100,26250,25450,1444121,37245595200,4828985070000,186447300,STK
052690,KR7052690005,한전기술,KOSPI,,122900,1,9500,8.38,114800,129000,114400,2237163,275507549000,4697238000000,38220000,STK
138930,KR7138930003,BNK금융지주,KOSPI,,15020,2,-80,-0.53,15260,15260,14950,383894,5767760985,4661112035660,310327033,STK
175330,KR7175330000,JB금융지주,KOSPI,,24100,3,0,0.0,24300,24350,23900,179505,4316463275,4576218884100,189884601,STK
082740,KR7082740002,한화엔진,KOSPI,,53000,2,-300,-0.56,53600,53900,51800,567188,29947205800,4422698526000,83447142,STK
062040,KR7062040001,산일전기,KOSPI,,143100,2,-1600,-1.11,146300,146300,141500,135999,19547712800,4356708120000,30445200,STK
066970,KR7066970005,엘앤에프,KOSPI,,108200,2,-7400,-6.4,114700,115500,107500,361209,39689879650,4353046136000,40231480,STK
251270,KR7251270005,넷마블,KOSPI,,50300,2,-500,-0.98,51200,51200,49950,100890,5073886500,4323461150600,85953502,STK
271560,KR7271560005,오리온,KOSPI,,109300,1,800,0.74,109400,109900,108700,61499,6723534400,4321299227600,39536132,STK
004020,KR7004020004,현대제철,KOSPI,,31500,2,-600,-1.87,32400,32400,31350,458761,14497557775,4203542227500,133445785,STK
051900,KR7051900009,LG생활건강,KOSPI,,266000,1,3000,1.14,263000,267000,262500,45948,12201220250,4070454094000,15302459,STK
011790,KR7011790003,SKC,KOSPI,,106500,1,1000,0.95,107100,109500,105700,174501,18736034850,4032973737000,37868298,STK
002380,KR7002380004,KCC,KOSPI,,441000,3,0,0.0,442000,447000,438500,19110,8455892250,3918933711000,8886471,STK
302440,KR7302440003,SK바이오사이언스,KOSPI,,49450,1,200,0.41,49350,49500,48800,76187,3741666900,3878595964450,78434701,STK
450080,KR7450080007,에코프로머티,KOSPI,,54700,2,-1200,-2.15,55700,56500,54400,126593,6967383150,3859563843800,70558754,STK
035250,KR7035250000,강원랜드,KOSPI,,17960,2,-30,-0.17,18030,18110,17940,247632,4457291705,3842371380000,213940500,STK
111770,KR7111770004,영원무역,KOSPI,,85800,1,100,0.12,85700,86700,83200,27250,2310348300,3801923954400,44311468,STK
011780,KR7011780004,금호석유화학,KOSPI,,140400,2,-2000,-1.4,142400,143900,140300,60454,8557374450,3654856576800,26031742,STK
000990,KR7000990002,DB하이텍,KOSPI,,83300,1,1400,1.71,85500,87000,82000,499292,42302870500,3623932180400,43504588,STK
036460,KR7036460004,한국가스공사,KOSPI,,39000,2,-100,-0.26,39250,39300,38850,139347,5432644650,3600207000000,92313000,STK
103140,KR7103140000,풍산,KOSPI,,124600,2,-6500,-4.96,130700,130700,124000,392585,49386118750,3491825038800,28024278,STK
017800,KR7017800004,현대엘리베이터,KOSPI,,89100,1,1400,1.6,88100,90400,87600,132920,11833271350,3483131503500,39092385,STK
031210,KR7031210008,서울보증보험,KOSPI,,47600,1,1200,2.59,46600,48200,46600,57442,2742518750,3323508064800,69821598,STK
018880,KR7018880005,한온시스템,KOSPI,,3150,2,-60,-1.87,3200,3200,3100,15381611,47392780614,3232727038800,1026262552,STK
011170,KR7011170008,롯데케미칼,KOSPI,,74500,1,1100,1.5,73700,76800,73400,155694,11735928200,3186768715500,42775419,STK
097950,KR7097950000,CJ제일제당,KOSPI,,210500,2,-1000,-0.47,211000,212500,209500,28174,5937246500,3168906153000,15054186,STK
071970,KR7071970008,HD현대마린엔진,KOSPI,,90300,2,-2500,-2.69,93400,93400,89400,304380,27573545750,3063110998500,33921495,STK
204320,KR7204320006,HL만도,KOSPI,,63800,1,1300,2.08,64100,68300,62000,3382054,221379617250,2995864256000,46957120,STK
103590,KR7103590006,일진전기,KOSPI,,62000,3,0,0.0,62500,62900,60800,217556,13416461250,2956494180000,47685390,STK
004990,KR7004990008,롯데지주,KOSPI,,28050,1,150,0.54,28000,28350,27750,121738,3414782000,2942704097850,104909237,STK
012750,KR7012750006,에스원,KOSPI,,77400,2,-900,-1.15,78800,78800,77100,13731,1066681150,2941136377200,37999178,STK
012510,KR7012510004,더존비즈온,KOSPI,,92900,1,300,0.32,92700,93700,91900,54646,5075463400,2822560633600,30382784,STK
088350,KR7088350004,한화생명,KOSPI,,3215,2,-30,-0.92,3215,3265,3180,2607831,8381336507,2792323950000,868530000,STK
014680,KR7014680003,한솔케미칼,KOSPI,,245500,2,-1000,-0.41,245500,249500,243500,23418,5753132000,2782790372500,11335195,STK
004170,KR7004170007,신세계,KOSPI,,288500,1,8500,3.04,282000,292000,278000,45792,13163498000,2782634718500,9645181,STK
489790,KR7489790006,한화비전,KOSPI,,54300,2,-200,-0.37,55000,55700,52700,714597,38637916450,2741519577000,50488390,STK
009420,KR7009420001,한올바이오파마,KOSPI,,51400,1,3950,8.32,46750,51400,46100,601542,29239508600,2685168793200,52240638,STK
081660,KR7081660003,미스토홀딩스,KOSPI,,44500,1,800,1.83,43700,44600,43250,37652,1657661550,2674264835500,60095839,STK
439260,KR7439260001,대한조선,KOSPI,,69000,2,-900,-1.29,70600,70700,68500,76606,5292940700,2658315528000,38526312,STK
000240,KR7000240002,한국앤컴퍼니,KOSPI,,27400,1,250,0.92,27000,27950,26525,80600,2209477050,2601225576000,94935240,STK
026960,KR7026960005,동서,KOSPI,,25800,2,-250,-0.96,26050,26100,25700,43938,1134653725,2572260000000,99700000,STK
383220,KR7383220001,F&F,KOSPI,,66800,1,1000,1.52,66500,67600,65100,102507,6820176000,2558912610000,38307075,STK
001720,KR7001720002,신영증권,KOSPI,,154300,1,3400,2.25,150400,155600,149500,30050,4618204750,2536692000000,16440000,STK
353200,KR7353200009,대덕전자,KOSPI,,51300,1,700,1.38,51200,53000,49200,1235756,63363030400,2535088252500,49416925,STK
008930,KR7008930000,한미사이언스,KOSPI,,36950,1,100,0.27,36900,36950,36200,58243,2124437000,2527067772500,68391550,STK
009970,KR7009970005,영원무역홀딩스,KOSPI,,186800,2,-2100,-1.11,191000,192300,184900,5366,1009586500,2521657471600,13499237,STK
004370,KR7004370003,농심,KOSPI,,414000,2,-1000,-0.24,415000,417500,412500,12683,5245614250,2518213788000,6082642,STK
051600,KR7051600005,한전KPS,KOSPI,,55400,1,2400,4.53,53100,56300,52900,583205,32060447850,2493000000000,45000000,STK
004800,KR7004800009,효성,KOSPI,,147900,2,-3400,-2.25,148000,152000,145500,55724,8237264350,2475906195300,16740407,STK
030000,KR7030000004,제일기획,KOSPI,,21100,1,100,0.48,21050,21100,20850,95980,2014149500,2427369847500,115041225,STK
011210,KR7011210002,현대위아,KOSPI,,89200,1,1000,1.13,89400,90500,87500,277146,24762470050,2425801403600,27195083,STK
001450,KR7001450006,현대해상,KOSPI,,27000,1,400,1.5,26800,27400,26650,354858,9582675600,2413800000000,89400000,STK
001430,KR7001430008,세아베스틸지주,KOSPI,,67000,2,-200,-0.3,67200,67700,65700,179427,11964418700,2402761973000,35862119,STK
097230,KR7097230007,HJ중공업,KOSPI,,26600,2,-350,-1.3,27000,28200,25750,2664566,71409325475,2401856150400,90295344,STK
005850,KR7005850003,에스엘,KOSPI,,50200,1,3050,6.47,48200,54200,46750,756786,38531445400,2331715704000,46448520,STK
139480,KR7139480008,이마트,KOSPI,,84200,1,1600,1.94,82800,85000,82700,137190,11503229200,2323567959800,27595819,STK
139130,KR7139130009,iM금융지주,KOSPI,,14190,2,-60,-0.42,14290,14290,14090,260991,3691878230,2279262832770,160624583,STK
336260,KR7336260005,두산퓨얼셀,KOSPI,,34750,2,-650,-1.84,35650,35750,34050,435790,15133434600,2275906978500,65493726,STK
000120,KR7000120006,CJ대한통운,KOSPI,,97800,2,-600,-0.61,99200,99200,97600,31234,3065043550,2231047243200,22812344,STK
028670,KR7028670008,팬오션,KOSPI,,4130,2,-40,-0.96,4180,4195,4080,1535138,6331523766,2207772084560,534569512,STK
069960,KR7069960003,현대백화점,KOSPI,,97000,1,2400,2.54,94900,99000,94500,85416,8295634800,2194994861000,22628813,STK
010060,KR7010060002,OCI홀딩스,KOSPI,,115600,2,-3400,-2.86,120900,120900,115100,79846,9299400200,2158278819200,18670232,STK
023530,KR7023530009,롯데쇼핑,KOSPI,,75700,1,2400,3.27,74000,76100,73800,66035,4962350000,2141458753500,28288755,STK
003690,KR7003690005,코리안리,KOSPI,,10990,1,70,0.64,11000,11060,10920,182072,2001156280,2141083130690,194821031,STK
192820,KR7192820009,코스맥스,KOSPI,,188000,1,6400,3.52,181900,188500,179500,82588,15322952850,2133707692000,11349509,STK
018670,KR7018670000,SK가스,KOSPI,,227000,2,-1500,-0.66,229000,230000,226000,4222,962656500,2098670388000,9245244,STK
002790,KR7002790004,아모레퍼시픽홀딩스,KOSPI,,26100,1,100,0.38,26150,26250,25650,74627,1939807625,2073858498000,79458180,STK
267270,KR7267270007,HD현대건설기계,KOSPI,,119000,2,-2000,-1.65,121800,121800,118700,91642,10938009700,2065555947000,17357613,STK
462870,KR7462870007,시프트업,KOSPI,,34650,2,-450,-1.28,34850,35300,34450,53884,1873237700,2043013896000,58961440,STK
282330,KR7282330000,BGF리테일,KOSPI,,115300,1,5600,5.1,110000,115900,108600,82073,9290123600,1992834361800,17283906,STK
361610,KR7361610009,SK아이이테크놀로지,KOSPI,,23850,2,-550,-2.25,24600,24750,23800,88021,2118036575,1950622335000,81787100,STK
069620,KR7069620003,대웅제약,KOSPI,,165000,1,200,0.12,164800,165000,160400,17496,2848227000,1911784875000,11586575,STK
003570,KR7003570009,SNT다이내믹스,KOSPI,,55900,2,-800,-1.41,57300,57300,55300,39578,2210660500,1858825762300,33252697,STK
006280,KR7006280002,녹십자,KOSPI,,158700,2,-11800,-6.92,170000,170000,157000,123256,19728692950,1854653580600,11686538,STK
017960,KR7017960006,한국카본,KOSPI,,35500,2,-600,-1.66,36300,36500,35000,332019,11780487625,1842750046000,51908452,STK
008770,KR7008770000,호텔신라,KOSPI,,46650,1,400,0.86,46300,47200,46000,155320,7249674250,1830924844650,39248121,STK
457190,KR7457190007,이수스페셜티케미컬,KOSPI,,60400,2,-1800,-2.89,61300,62000,59700,222272,13425235600,1824580112000,30208280,STK
006040,KR7006040000,동원산업,KOSPI,,41300,2,-350,-0.84,41500,41750,41050,38349,1582659800,1823311821800,44147986,STK
020150,KR7020150009,롯데에너지머티리얼즈,KOSPI,,34100,1,100,0.29,35350,35350,34000,152245,5241125650,1785662288300,52365463,STK
023590,KR7023590003,다우기술,KOSPI,,39750,1,150,0.38,39900,40100,39400,22744,903947475,1783448025750,44866617,STK
007070,KR7007070006,GS리테일,KOSPI,,21250,1,350,1.67,21100,21450,20900,83271,1761603450,1776657568750,83607415,STK
073240,KR7073240004,금호타이어,KOSPI,,6140,1,290,4.96,5850,6230,5790,707857,4298793750,1763778162180,287260287,STK
483650,KR7483650008,달바글로벌,KOSPI,,141500,2,-800,-0.56,143300,144500,141300,65937,9377878700,1746663972500,12343915,STK
112610,KR7112610001,씨에스윈드,KOSPI,,40750,2,-500,-1.21,41500,41500,40350,102226,4154576925,1718484672250,42171403,STK
047040,KR7047040001,대우건설,KOSPI,,4055,1,85,2.14,4015,4145,3955,3237054,13150532613,1685349797090,415622638,STK
395400,KR7395400005,SK리츠,KOSPI,,5590,1,50,0.9,5540,5640,5490,290168,1619015130,1676764772800,299957920,STK
032350,KR7032350001,롯데관광개발,KOSPI,,20850,2,-250,-1.18,21000,21200,20400,430714,8973721425,1658398241400,79539484,STK
375500,KR7375500006,DL이앤씨,KOSPI,,42450,1,700,1.68,41800,42850,41550,223692,9434743350,1642544296350,38693623,STK
020560,KR7020560009,아시아나항공,KOSPI,,7910,1,260,3.4,7650,8070,7650,292921,2324418790,1629386524010,205990711,STK
006360,KR7006360002,GS건설,KOSPI,,18840,2,-110,-0.58,18960,19050,18790,280784,5304896135,1612355271600,85581490,STK
085620,KR7085620003,미래에셋생명,KOSPI,,8960,2,-60,-0.67,9030,9100,8800,112530,1007905370,1586065053440,177016189,STK
034230,KR7034230003,파라다이스,KOSPI,,16970,2,-110,-0.64,17200,17200,16700,235038,3985275565,1568122336230,92405559,STK
007310,KR7007310006,오뚜기,KOSPI,,385000,1,2000,0.52,384500,386000,383000,2935,1129755750,1543014550000,4007830,STK
161890,KR7161890009,한국콜마,KOSPI,,64500,1,200,0.31,64200,64800,63400,85804,5501279950,1522527466500,23605077,STK
000500,KR7000500009,가온전선,KOSPI,,91100,2,-500,-0.55,92400,92600,89700,28052,2547722100,1507077776500,16543115,STK
484870,KR7484870001,엠앤씨솔루션,KOSPI,,164500,2,-5700,-3.35,168300,169900,160800,20061,3280762650,1505816550000,9153900,STK
007810,KR7007810005,코리아써키트,KOSPI,,63100,1,2600,4.3,59300,64500,59000,347144,21654527650,1490469388100,23620751,STK
077970,KR7077970002,STX엔진,KOSPI,,36900,2,-1450,-3.78,38550,38800,36550,234880,8737381200,1481463524700,40148063,STK
001120,KR7001120005,LX인터내셔널,KOSPI,,36300,1,100,0.28,35600,37150,35400,159573,5829816375,1406988000000,38760000,STK
007340,KR7007340003,DN오토모티브,KOSPI,,23950,1,250,1.05,23700,24300,23050,122985,2905542575,1401335216750,58510865,STK
005070,KR7005070008,코스모신소재,KOSPI,,43100,2,-1200,-2.71,44000,44600,43000,102324,4437831775,1401213583600,32510756,STK
003540,KR7003540002,대신증권,KOSPI,,27350,1,250,0.92,27300,27800,27000,143122,3920784550,1388652490000,50773400,STK
294870,KR7294870001,HDC현대산업개발,KOSPI,,20450,2,-100,-0.49,20500,20700,20250,121678,2486595850,1347804898500,65907330,STK
005440,KR7005440003,현대지에프홀딩스,KOSPI,,8590,1,120,1.42,8470,8670,8450,83555,715793485,1339217945590,155904301,STK
001800,KR7001800002,오리온홀딩스,KOSPI,,20600,1,200,0.98,20600,20800,20400,48884,1004076525,1290495693200,62645422,STK
003090,KR7003090008,대웅,KOSPI,,21750,2,-250,-1.14,21850,22100,21450,76306,1649203750,1264588065000,58141980,STK
000080,KR7000080002,하이트진로,KOSPI,,18010,1,100,0.56,18000,18080,17960,65789,1184994990,1263106334110,70133611,STK
100090,KR7100090000,SK오션플랜트,KOSPI,,20000,2,-450,-2.2,20450,20450,19710,282297,5630151410,1249562580000,62478129,STK
300720,KR7300720000,한일시멘트,KOSPI,,16950,2,-170,-0.99,17010,17110,16920,50247,852595155,1246591292550,73545209,STK
120110,KR7120110002,코오롱인더,KOSPI,,44800,2,-900,-1.97,45650,46900,44650,132210,6024528625,1232855276800,27519091,STK
298020,KR7298020009,효성티앤씨,KOSPI,,284500,1,19000,7.16,269000,309500,269000,125040,36966873500,1231225529000,4327682,STK
249420,KR7249420001,일동제약,KOSPI,,38650,2,-50,-0.13,37800,38650,36400,487259,18214537650,1222818439800,31638252,STK
415640,KR7415640002,KB발해인프라,KOSPI,,9900,1,60,0.61,9970,9970,9720,100802,995837380,1213200925200,122545548,STK
330590,KR7330590001,롯데리츠,KOSPI,,4150,3,0,0.0,4170,4170,4110,170554,708005231,1199220868600,288968884,STK
071320,KR7071320006,지역난방공사,KOSPI,,103400,1,400,0.39,103900,106100,102000,10114,1047322900,1197242129600,11578744,STK
285130,KR7285130001,SK케미칼,KOSPI,,68400,2,-1900,-2.7,70500,71000,68100,36156,2495305600,1183235594400,17298766,STK
005300,KR7005300009,롯데칠성,KOSPI,,127000,1,200,0.16,126800,127700,126100,9395,1190492950,1178418268000,9278884,STK
004000,KR7004000006,롯데정밀화학,KOSPI,,45150,2,-50,-0.11,45300,46300,44900,35769,1625542400,1164870000000,25800000,STK
185750,KR7185750007,종근당,KOSPI,,83300,1,500,0.6,83000,83600,82400,20231,1673447800,1149771574000,13802780,STK
229640,KR7229640008,LS에코에너지,KOSPI,,37250,1,150,0.4,37750,38050,36600,134933,5016856050,1140776742750,30624879,STK
030610,KR7030610000,교보증권,KOSPI,,9960,1,300,3.11,9730,10040,9690,181762,1804922315,1135071091560,113962961,STK
006120,KR7006120000,SK디스커버리,KOSPI,,61800,1,1300,2.15,62200,62200,60600,10304,634091150,1133897439000,18347855,STK
075580,KR7075580001,세진중공업,KOSPI,,19880,2,-470,-2.31,20300,20350,19650,238085,4733721825,1130167185280,56849456,STK
192080,KR7192080000,더블유게임즈,KOSPI,,51300,2,-600,-1.16,52100,52200,51100,13728,706787350,1102739977800,21495906,STK
365550,KR7365550003,ESR켄달스퀘어리츠,KOSPI,,4430,1,35,0.8,4395,4440,4375,177438,785222597,1090174270000,246089000,STK
003530,KR7003530003,한화투자증권,KOSPI,,5020,2,-120,-2.33,5190,5210,4990,1806885,9165947635,1077029830500,214547775,STK
089860,KR7089860001,롯데렌탈,KOSPI,,29600,2,-150,-0.5,29600,29800,29450,14313,423041875,1074757884800,36309388,STK
082640,KR7082640004,동양생명,KOSPI,,6590,1,90,1.38,6450,6600,6450,59454,388448375,1063353075150,161358585,STK
009240,KR7009240003,한샘,KOSPI,,44800,1,200,0.45,44400,45250,44400,20576,922096025,1054319974400,23533928,STK
006650,KR7006650006,대한유화,KOSPI,,157700,2,-1500,-0.94,158800,162000,156100,23174,3678335100,1025050000000,6500000,STK
137310,KR7137310009,에스디바이오센서,KOSPI,,8410,2,-120,-1.41,8540,8540,8340,123176,1034243975,1023909947820,121749102,STK
280360,KR7280360009,롯데웰푸드,KOSPI,,109200,1,1800,1.68,108400,109800,107600,10536,1146414200,1016059480800,9304574,STK
181710,KR7181710005,NHN,KOSPI,,30900,2,-900,-2.83,31900,31900,30800,29105,908537425,1012071995100,32753139,STK
079160,KR7079160008,CJ CGV,KOSPI,,6020,2,-90,-1.47,6100,6200,5980,368688,2240635750,996800967120,165581556,STK
012630,KR7012630000,HDC,KOSPI,,16660,2,-40,-0.24,16710,16910,16490,65291,1091331250,995297071860,59741721,STK
001740,KR7001740000,SK네트웍스,KOSPI,,4470,1,45,1.02,4445,4585,4445,563801,2546010433,989112221940,221277902,STK
192400,KR7192400000,쿠쿠홀딩스,KOSPI,,27650,1,300,1.1,27350,27900,27100,19664,543821275,983294415250,35562185,STK
000670,KR7000670000,영풍,KOSPI,,53600,1,4200,8.5,56100,56100,51900,173567,9320017100,968978120000,18077950,STK
064960,KR7064960008,SNT모티브,KOSPI,,36500,2,-1150,-3.05,37200,37900,36400,86172,3186145900,968719928000,26540272,STK
030190,KR7030190003,NICE평가정보,KOSPI,,15990,2,-140,-0.87,16280,16280,15890,29114,466863460,941995316730,58911527,STK
298050,KR7298050006,HS효성첨단소재,KOSPI,,205000,1,3000,1.49,203000,214000,202500,28867,6008253750,918389340000,4479948,STK
195870,KR7195870001,해성디에스,KOSPI,,53900,2,-1900,-3.41,56300,56300,53200,208203,11305039000,916300000000,17000000,STK
036530,KR7036530004,SNT홀딩스,KOSPI,,55000,2,-700,-1.26,55600,55600,54200,10791,591328450,896713730000,16303886,STK
004490,KR7004490009,세방전지,KOSPI,,64000,1,700,1.11,63800,64500,63100,38052,2436039750,896000000000,14000000,STK
317450,KR7317450005,명인제약,KOSPI,,60100,2,-200,-0.33,60300,60500,59900,34709,2085802900,877460000000,14600000,STK
003160,KR7003160009,디아이,KOSPI,,30500,1,400,1.33,30250,31200,28450,734240,21992672800,863150000000,28300000,STK
499790,KR7499790004,GS피앤엘,KOSPI,,43200,2,-1100,-2.48,45450,45850,43000,86868,3788950875,856692331200,19830841,STK
281820,KR7281820001,케이씨텍,KOSPI,,40200,2,-800,-1.95,41500,41500,40050,74196,3004134275,831750984600,20690323,STK
108320,KR7108320003,LX세미콘,KOSPI,,51100,2,-300,-0.58,51300,51500,50800,35913,1837639700,831105730000,16264300,STK
003240,KR7003240009,태광산업,KOSPI,,744000,2,-4000,-0.53,753000,753000,738000,833,619350000,828369600000,1113400,STK
114090,KR7114090004,GKL,KOSPI,,13320,2,-130,-0.97,13540,13570,13300,120321,1608950795,823917524400,61855670,STK
009450,KR7009450008,경동나비엔,KOSPI,,56500,2,-300,-0.53,57000,57600,56100,29587,1679573200,823125448000,14568592,STK
093370,KR7093370005,후성,KOSPI,,7430,2,-160,-2.11,7600,7700,7410,255019,1911146330,796907101900,107255330,STK
100840,KR7100840008,SNT에너지,KOSPI,,38500,1,50,0.13,38550,39250,37700,71549,2761982775,796210145500,20680783,STK
007700,KR7007700008,F&F홀딩스,KOSPI,,20250,1,200,1.0,20050,21100,19850,17302,353756565,792065931750,39114367,STK
005690,KR7005690003,파미셀,KOSPI,,13190,2,-290,-2.15,13350,13380,12990,743763,9755548450,791623755160,60016964,STK
003470,KR7003470002,유안타증권,KOSPI,,3920,1,40,1.03,3895,3955,3860,409474,1600349507,782418577920,199596576,STK
451800,KR7451800007,한화리츠,KOSPI,,4315,1,15,0.35,4300,4335,4300,90580,390948789,774974000000,179600000,STK
002350,KR7002350007,넥센타이어,KOSPI,,7930,1,100,1.28,7830,7980,7780,101925,804975925,774506264610,97667877,STK
001680,KR7001680008,대상,KOSPI,,22300,1,100,0.45,22050,22550,22000,130596,2904836075,772650957500,34648025,STK
069260,KR7069260008,TKG휴켐스,KOSPI,,18630,2,-30,-0.16,18660,18800,18560,49794,928635860,761568094440,40878588,STK
025540,KR7025540006,한국단자,KOSPI,,74700,1,300,0.4,75400,77000,74000,62628,4720536650,755590500000,10115000,STK
000210,KR7000210005,DL,KOSPI,,36050,2,-650,-1.77,36100,36450,35700,61970,2233804250,755459618200,20955884,STK
003850,KR7003850005,보령,KOSPI,,8660,1,50,0.58,8660,8680,8560,48781,419846265,742917212620,85787207,STK
214320,KR7214320004,이노션,KOSPI,,18530,1,240,1.31,18330,18630,18200,106555,1971293130,741200000000,40000000,STK
381970,KR7381970003,케이카,KOSPI,,15060,2,-110,-0.73,15170,15250,15040,58690,886806930,735241970880,48820848,STK
950210,KR8702070002,프레스티지바이오파마,KOSPI,,12090,2,-120,-0.98,12210,12210,11910,93402,1119913240,726562513950,60096155,STK
005180,KR7005180005,빙그레,KOSPI,,75800,2,-100,-0.13,75900,76400,75500,15734,1192228150,724322287400,9555703,STK
003620,KR7003620002,KG모빌리티,KOSPI,,3560,1,50,1.42,3530,3680,3525,884700,3181557168,720454686720,202374912,STK
039130,KR7039130000,하나투어,KOSPI,,46350,1,600,1.31,46050,46750,46000,38183,1771115250,717958348200,15489932,STK
079900,KR7079900007,전진건설로봇,KOSPI,,49100,2,-200,-0.41,49100,49800,48600,48421,2379238775,716493959500,14592545,STK
014820,KR7014820005,동원시스템즈,KOSPI,,24600,2,-100,-0.4,24700,24950,24400,16944,417890225,713185537200,28991282,STK
248070,KR7248070005,솔루엠,KOSPI,,14810,2,-180,-1.2,15000,15010,14790,110445,1641058850,708158455160,47816236,STK
002840,KR7002840007,미원상사,KOSPI,,146800,2,-1000,-0.68,147800,148200,146700,1442,212736850,697300000000,4750000,STK
005250,KR7005250006,녹십자홀딩스,KOSPI,,14820,2,-460,-3.01,15210,15290,14740,87895,1311409465,696958072200,47028210,STK
010780,KR7010780005,아이에스동서,KOSPI,,22650,2,-150,-0.66,22800,22900,22500,28283,640991525,683735006400,30186976,STK
475150,KR7475150009,SK이터닉스,KOSPI,,20100,2,-700,-3.37,20600,20850,20050,194236,3928755100,678456244200,33754042,STK
019170,KR7019170000,신풍제약,KOSPI,,12780,2,-120,-0.93,12900,12920,12640,117663,1498908365,677148172200,52984990,STK
268280,KR7268280005,미원에스씨,KOSPI,,134700,2,-1600,-1.17,136300,136600,134500,1338,181483700,673500000000,5000000,STK
000640,KR7000640003,동아쏘시오홀딩스,KOSPI,,102800,2,-400,-0.39,104000,104000,102200,10690,1097439450,671945415200,6536434,STK
293940,KR7293940003,신한알파리츠,KOSPI,,5540,2,-40,-0.72,5560,5570,5530,138219,766239780,670008281420,120940123,STK
000370,KR7000370007,한화손해보험,KOSPI,,5650,1,150,2.73,5520,5710,5520,583922,3295302810,659574869750,116738915,STK
456040,KR7456040005,OCI,KOSPI,,73400,2,-400,-0.54,73900,74400,72500,53297,3909524850,657113133000,8952495,STK
001270,KR7001270008,부국증권,KOSPI,,63100,1,100,0.16,62900,64100,62200,14325,903817650,654339806600,10369886,STK
001060,KR7001060003,JW중외제약,KOSPI,,27750,1,1000,3.74,26900,27850,26450,83642,2256926250,646184557500,23285930,STK
322000,KR7322000001,HD현대에너지솔루션,KOSPI,,57000,2,-1000,-1.72,59000,59100,56900,70240,4040007350,638400000000,11200000,STK
057050,KR7057050007,현대홈쇼핑,KOSPI,,52900,1,400,0.76,52300,53100,52300,4050,213754550,634800000000,12000000,STK
008730,KR7008730004,율촌화학,KOSPI,,25550,2,-400,-1.54,26100,26650,25500,40909,1059048500,633640000000,24800000,STK
383800,KR7383800000,LX홀딩스,KOSPI,,8090,1,60,0.75,8070,8120,8000,137890,1112668200,617110782100,76280690,STK
005880,KR7005880000,대한해운,KOSPI,,1829,1,4,0.22,1826,1860,1817,1304809,2392828539,590304884860,322747340,STK
002030,KR7002030005,아세아,KOSPI,,284500,2,-11000,-3.72,296500,297000,283500,1822,522978000,589667787000,2072646,STK
058650,KR7058650003,세아홀딩스,KOSPI,,145400,2,-400,-0.27,145800,146400,140200,2245,324825700,581600000000,4000000,STK
002020,KR7002020006,코오롱,KOSPI,,44950,2,-550,-1.21,45250,45250,43800,50825,2258387600,580200216000,12907680,STK
005810,KR7005810007,풍산홀딩스,KOSPI,,39250,2,-450,-1.13,40050,40150,39050,20752,816865525,565878711000,14417292,STK
002960,KR7002960003,한국쉘석유,KOSPI,,435000,2,-3000,-0.68,438000,439000,433500,1226,533577000,565500000000,1300000,STK
348950,KR7348950007,제이알글로벌리츠,KOSPI,,2835,2,-10,-0.35,2850,2850,2820,188634,534264833,559560960000,197376000,STK
017940,KR7017940008,E1,KOSPI,,81400,2,-700,-0.85,82300,82600,80900,10933,891076200,558404000000,6860000,STK
105630,KR7105630008,한세실업,KOSPI,,13950,2,-80,-0.57,14090,14090,13800,31973,444856300,558000000000,40000000,STK
090460,KR7090460007,비에이치,KOSPI,,16510,2,-70,-0.42,16660,16970,16440,164466,2727397105,556577492380,33711538,STK
002240,KR7002240000,고려제강,KOSPI,,20550,1,200,0.98,20850,20850,20350,16492,338977225,554850000000,27000000,STK
005420,KR7005420005,코스모화학,KOSPI,,13780,2,-370,-2.61,14220,14310,13770,130811,1819003985,529265381840,38408228,STK
377740,KR7377740006,바이오노트,KOSPI,,5170,2,-30,-0.58,5200,5230,5150,24025,124265180,527629768160,102056048,STK
097520,KR7097520001,엠씨넥스,KOSPI,,30300,1,250,0.83,30250,31150,30000,48161,1464594675,527265450000,17401500,STK
016380,KR7016380008,KG스틸,KOSPI,,5230,2,-60,-1.13,5290,5300,5210,156589,820737705,523046531310,100008897,STK
001500,KR7001500008,현대차증권,KOSPI,,8430,1,130,1.57,8350,8610,8300,153322,1296232830,521252560920,61833044,STK
091810,KR7091810002,티웨이항공,KOSPI,,1539,1,35,2.33,1513,1578,1485,810809,1256518506,517079429865,335984035,STK
000400,KR7000400002,롯데손해보험,KOSPI,,1662,1,1,0.06,1661,1699,1650,269081,450181297,515778963840,310336320,STK
145720,KR7145720009,덴티움,KOSPI,,46400,2,-400,-0.85,46500,47250,46050,14515,674241575,513593712000,11068830,STK
016590,KR7016590002,신대양제지,KOSPI,,12740,2,-350,-2.67,12950,12960,12700,14966,190932530,513394226800,40297820,STK
093050,KR7093050003,LF,KOSPI,,17420,1,40,0.23,17310,17570,17310,27520,478743820,509360800000,29240000,STK
009410,KR7009410002,태영건설,KOSPI,,1704,2,-10,-0.58,1714,1738,1692,180286,307933496,507093492912,297590078,STK
284740,KR7284740008,쿠쿠홈시스,KOSPI,,22600,1,200,0.89,22350,22700,22350,7455,167787500,507083658000,22437330,STK
336370,KR7336370002,솔루스첨단소재,KOSPI,,7190,2,-50,-0.69,7260,7370,7130,118184,852375835,504862703360,70217344,STK
004690,KR7004690004,삼천리,KOSPI,,123900,1,1300,1.06,123300,129400,122100,8151,1006692200,502417597500,4055025,STK
017810,KR7017810003,풀무원,KOSPI,,13140,2,-150,-1.13,13290,13390,13090,56245,741401425,500903921880,38120542,STK
192650,KR7192650000,드림텍,KOSPI,,7210,1,240,3.44,6940,7300,6940,484617,3484707770,496697195610,68890041,STK
003030,KR7003030004,세아제강지주,KOSPI,,119000,2,-700,-0.58,119900,120500,118000,6509,773492950,492857183000,4141657,STK
453340,KR7453340002,현대그린푸드,KOSPI,,15010,1,10,0.07,15060,15180,14960,27081,406854580,492618383460,32819346,STK
033240,KR7033240003,자화전자,KOSPI,,22550,2,-300,-1.31,22900,23250,22250,162041,3654832400,490612141800,21756636,STK
009900,KR7009900002,명신산업,KOSPI,,9320,1,170,1.86,9200,9730,9110,620820,5892818475,489021639560,52470133,STK
016610,KR7016610008,DB증권,KOSPI,,11520,1,50,0.44,11640,11850,11420,97136,1128526880,488982401280,42446389,STK
003300,KR7003300001,한일홀딩스,KOSPI,,15740,2,-300,-1.87,16190,16200,15730,14658,231864675,485309594160,30832884,STK
271940,KR7271940009,일진하이솔루스,KOSPI,,13280,2,-250,-1.85,13450,13580,13260,17801,237731240,482239163200,36313190,STK
094800,KR7094800000,맵스리얼티,KOSPI,,5190,1,10,0.19,5180,5200,5120,100989,520761325,481810177890,92834331,STK
170900,KR7170900005,동아에스티,KOSPI,,51400,2,-500,-0.96,51900,51900,50600,14992,764669050,480726261400,9352651,STK
145990,KR7145990008,삼양사,KOSPI,,46500,1,1000,2.2,45750,46600,45400,15403,708482800,479575378500,10313449,STK
014830,KR7014830004,유니드,KOSPI,,70100,2,-1900,-2.64,72000,72500,70100,10910,770497000,474408760000,6767600,STK
089590,KR7089590004,제주항공,KOSPI,,5870,1,260,4.63,5630,5900,5620,655965,3818502260,473362581950,80640985,STK
029530,KR7029530003,신도리코,KOSPI,,46400,1,300,0.65,46250,48800,46100,5389,251108325,467713345600,10080029,STK
034310,KR7034310003,NICE,KOSPI,,12670,1,110,0.88,12600,12700,12500,32501,409885820,465713179190,36757157,STK
092200,KR7092200005,디아이씨,KOSPI,,11960,2,-290,-2.37,12290,12820,11940,1576933,19414691395,465107285240,38888569,STK
200880,KR7200880003,서연이화,KOSPI,,17200,1,3110,22.07,15850,18310,15400,5192345,89706164515,464889116400,27028437,STK
0120G0,KR70120G0001,삼양바이오팜,KOSPI,,62100,1,2800,4.72,60500,62700,58700,71080,4301100300,461767527000,7435870,STK
000070,KR7000070003,삼양홀딩스,KOSPI,,58800,1,500,0.86,58600,58900,57400,30961,1798461100,456475630800,7763191,STK
178920,KR7178920005,PI첨단소재,KOSPI,,15490,2,-130,-0.83,15700,15900,15460,53264,834669495,454884327780,29366322,STK
037270,KR7037270006,YG PLUS,KOSPI,,7070,1,80,1.14,7070,7200,7000,1017584,7237044140,450098187700,63663110,STK
452260,KR7452260003,한화갤러리아,KOSPI,,2320,1,215,10.21,2400,2635,2100,127906667,299363582185,449754295200,193859610,STK
004700,KR7004700001,조광피혁,KOSPI,,67600,2,-500,-0.73,68100,69500,65700,2061,138436700,449481728800,6649138,STK
448730,KR7448730002,삼성FN리츠,KOSPI,,4830,1,15,0.31,4800,4835,4800,30522,147124762,439771500000,91050000,STK
005610,KR7005610001,SPC삼립,KOSPI,,50700,2,-300,-0.59,51000,51200,50300,7697,390481700,437490756300,8629009,STK
105840,KR7105840003,우진,KOSPI,,21600,1,650,3.1,20900,22300,20250,1530440,32863244675,436269672000,20197670,STK
006220,KR7006220008,제주은행,KOSPI,,11500,2,-60,-0.52,11690,11820,11420,102488,1183949850,434683405500,37798557,STK
183190,KR7183190008,아세아시멘트,KOSPI,,11710,2,-180,-1.51,11890,11910,11680,21299,250081340,432422875180,36927658,STK
004310,KR7004310009,현대약품,KOSPI,,13430,1,2870,27.18,11330,13720,11300,20419814,260783790310,429760000000,32000000,STK
357120,KR7357120005,코람코라이프인프라리츠,KOSPI,,4405,2,-5,-0.11,4420,4420,4390,45705,201459236,428762234370,97335354,STK
060980,KR7060980000,HL홀딩스,KOSPI,,46000,1,1000,2.22,45400,48500,44950,67410,3139769275,423819942000,9213477,STK
161000,KR7161000005,애경케미칼,KOSPI,,8690,2,-90,-1.03,8850,8950,8680,97360,850839180,422757281210,48648709,STK
344820,KR7344820006,KCC글라스,KOSPI,,26450,1,500,1.93,26050,26700,26050,27231,720329125,422420042400,15970512,STK
000650,KR7000650002,천일고속,KOSPI,,295500,2,-18500,-5.89,320000,329000,291500,35615,10734048500,422334510000,1429220,STK
072710,KR7072710007,농심홀딩스,KOSPI,,88100,1,500,0.57,88200,88600,87100,5706,502566400,408589299000,4637790,STK
460860,KR7460860000,동국제강,KOSPI,,8200,2,-80,-0.97,8290,8330,8200,76144,628500120,406785739400,49608017,STK
003000,KR7003000007,부광약품,KOSPI,,4015,1,165,4.29,3815,4030,3805,847972,3365691875,396138654065,98664671,STK
001530,KR7001530005,DI동일,KOSPI,,20000,1,70,0.35,19850,20450,19850,24800,498608715,394585600000,19729280,STK
003280,KR7003280005,흥아해운,KOSPI,,1625,2,-61,-3.62,1680,1680,1610,1846202,3034652658,390690460875,240424899,STK
031430,KR7031430002,신세계인터내셔날,KOSPI,,10880,1,300,2.84,10690,10960,10520,48358,521788010,384531840000,35343000,STK
026890,KR7026890004,스틱인베스트먼트,KOSPI,,9180,2,-340,-3.57,9590,9750,9160,108699,1018190550,382605646500,41678175,STK
015360,KR7015360001,INVENI,KOSPI,,66400,2,-200,-0.3,66500,66800,66000,2331,154550100,378480000000,5700000,STK
001940,KR7001940006,KISCO홀딩스,KOSPI,,26650,1,750,2.9,25900,26800,25750,18763,497732425,377800527000,14176380,STK
029460,KR7029460003,케이씨,KOSPI,,28300,2,-150,-0.53,28850,29100,28150,36013,1022673275,374444742900,13231263,STK
130660,KR7130660004,한전산업,KOSPI,,11420,1,460,4.2,10960,11770,10930,541656,6213013030,372292000000,32600000,STK
272450,KR7272450008,진에어,KOSPI,,7110,1,360,5.33,6750,7140,6750,387705,2736389560,371142000000,52200000,STK
027410,KR7027410000,BGF,KOSPI,,3855,1,40,1.05,3830,3865,3800,73233,281114281,368988229305,95716791,STK
104700,KR7104700000,한국철강,KOSPI,,10000,1,110,1.11,9990,10050,9850,48661,485831390,364500000000,36450000,STK
475560,KR7475560009,더본코리아,KOSPI,,24100,2,-50,-0.21,24150,24200,24050,15872,382298200,356117024000,14776640,STK
003520,KR7003520004,영진약품,KOSPI,,1930,1,28,1.47,1902,1966,1902,669167,1290668487,352982970830,182892731,STK
417310,KR7417310000,코람코더원리츠,KOSPI,,8670,1,30,0.35,8690,8800,8630,70606,613456560,350268000000,40400000,STK
001200,KR7001200005,유진투자증권,KOSPI,,3605,1,15,0.42,3585,3650,3575,551349,1993165545,349203436890,96866418,STK
002710,KR7002710002,TCC스틸,KOSPI,,13260,2,-530,-3.84,13720,13810,13200,93092,1247574885,347593622220,26213697,STK
010690,KR7010690006,화신,KOSPI,,9930,1,1440,16.96,8710,10970,8650,5118707,52065411410,346759671300,34920410,STK
126720,KR7126720002,수산인더스트리,KOSPI,,24250,1,950,4.08,23200,24500,23200,94055,2255499550,346435500000,14286000,STK
084690,KR7084690007,대상홀딩스,KOSPI,,9540,2,-130,-1.34,9650,9670,9520,99787,955387765,345467612520,36212538,STK
126560,KR7126560002,현대퓨처넷,KOSPI,,3120,2,-5,-0.16,3105,3140,3105,36937,115299510,343833188400,110202945,STK
006110,KR7006110001,삼아알미늄,KOSPI,,23350,2,-550,-2.3,23950,24000,23100,36683,859438825,343523238600,14711916,STK
008060,KR7008060006,대덕,KOSPI,,10100,1,110,1.1,10010,10150,9930,55695,559672070,342290515000,33890150,STK
034120,KR7034120006,SBS,KOSPI,,18410,1,70,0.38,18360,18470,18340,15376,283005720,341528291580,18551238,STK
018250,KR7018250001,애경산업,KOSPI,,12890,1,120,0.94,12830,12970,12690,19651,252875640,340424062150,26409935,STK
020000,KR7020000006,한섬,KOSPI,,15060,1,110,0.74,14950,15150,14880,72217,1087533890,337912469820,22437747,STK
217590,KR7217590009,티엠씨,KOSPI,,13990,1,50,0.36,14480,14870,13990,616558,8911938060,337078207750,24094225,STK
015860,KR7015860000,일진홀딩스,KOSPI,,6780,1,10,0.15,6770,6830,6640,82746,555182035,334575934740,49347483,STK
003960,KR7003960002,사조대림,KOSPI,,36450,2,-50,-0.14,36500,37050,36300,9271,338916300,334044822150,9164467,STK
194370,KR7194370003,제이에스코퍼레이션,KOSPI,,11490,1,180,1.59,11400,11590,11240,122344,1400427525,333402549420,29016758,STK
007690,KR7007690001,국도화학,KOSPI,,35850,2,-650,-1.78,36500,37000,35650,12397,448710475,332000827200,9260832,STK
306200,KR7306200007,세아제강,KOSPI,,116400,2,-400,-0.34,116800,117500,115600,6555,761610250,330145320000,2836300,STK
001390,KR7001390004,KG케미칼,KOSPI,,4905,2,-40,-0.81,4970,5010,4900,181018,894457000,329778012150,67233030,STK
009160,KR7009160003,SIMPAC,KOSPI,,5040,1,10,0.2,5010,5100,4940,108670,544193210,329469678720,65370968,STK
025860,KR7025860008,남해화학,KOSPI,,6620,3,0,0.0,6620,6690,6610,68383,453309070,328873940660,49678843,STK
024720,KR7024720005,콜마홀딩스,KOSPI,,9580,1,60,0.63,9500,9690,9500,25097,240722480,328558161220,34296259,STK
286940,KR7286940002,롯데이노베이트,KOSPI,,21600,1,750,3.6,21000,22050,20950,55661,1205125875,326794327200,15129367,STK
017860,KR7017860008,DS단석,KOSPI,,18320,2,-320,-1.72,18640,18800,18280,47910,883128315,322142763840,17584212,STK
001510,KR7001510007,SK증권,KOSPI,,681,1,14,2.1,667,689,667,3762862,2568436808,321833906451,472590171,STK
011930,KR7011930005,신성이엔지,KOSPI,,1562,2,-55,-3.4,1620,1635,1557,2304408,3643340023,321534811862,205848151,STK
012200,KR7012200002,계양전기,KOSPI,,11750,2,-190,-1.59,11890,12470,11200,4064458,48252669080,319868240750,27222829,STK
138490,KR7138490008,코오롱ENP,KOSPI,,8370,2,-170,-1.99,8550,8720,8300,88367,750765555,318060000000,38000000,STK
034830,KR7034830000,한국토지신탁,KOSPI,,1220,1,18,1.5,1207,1223,1197,375889,455516923,308036860600,252489230,STK
012030,KR7012030003,DB,KOSPI,,1529,1,31,2.07,1501,1577,1501,439868,678895734,307594943557,201173933,STK
017390,KR7017390006,서울가스,KOSPI,,61500,2,-100,-0.16,61600,61900,60600,3249,199852100,307500000000,5000000,STK
005720,KR7005720008,넥센,KOSPI,,5730,1,40,0.7,5700,5850,5660,26364,151109220,306806988210,53543977,STK
377190,KR7377190004,디앤디플랫폼리츠,KOSPI,,3435,2,-40,-1.15,3475,3480,3435,89080,307441926,303654000000,88400000,STK
009290,KR7009290008,광동제약,KOSPI,,5790,3,0,0.0,5750,5830,5740,57186,330741510,303516727290,52420851,STK
005090,KR7005090006,SGC에너지,KOSPI,,21000,1,350,1.69,20650,21100,20600,19297,404051775,302595993000,14409333,STK
092230,KR7092230002,KPX홀딩스,KOSPI,,71600,2,-400,-0.56,72000,72700,71300,1607,115133300,302484653600,4224646,STK
003920,KR7003920006,남양유업,KOSPI,,50400,2,-100,-0.2,50800,50900,50100,2508,126556500,302400000000,6000000,STK
241590,KR7241590009,화승엔터프라이즈,KOSPI,,4985,1,15,0.3,4970,5050,4960,64319,321493895,302037540860,60589276,STK
002320,KR7002320000,한진,KOSPI,,19770,1,210,1.07,19600,19890,19540,12916,255244975,301196147700,15235010,STK
123890,KR7123890006,한국자산신탁,KOSPI,,2460,2,-20,-0.81,2495,2505,2450,95877,237154069,301039857960,122373926,STK
002310,KR7002310001,아세아제지,KOSPI,,7400,2,-60,-0.8,7410,7520,7400,48315,359351820,299570574000,40482510,STK
033270,KR7033270000,유나이티드제약,KOSPI,,18310,1,10,0.05,18460,18460,18150,33286,607355060,299072280820,16333822,STK
001820,KR7001820000,삼화콘덴서,KOSPI,,28750,2,-350,-1.2,29700,29700,28700,26753,773468075,298856250000,10395000,STK
128820,KR7128820008,대성산업,KOSPI,,6450,1,60,0.94,6470,6580,6340,1062400,6883341070,291768833100,45235478,STK
334890,KR7334890001,이지스밸류플러스리츠,KOSPI,,4180,2,-15,-0.36,4195,4205,4175,63591,266135785,290295494940,69448683,STK
011760,KR7011760006,현대코퍼레이션,KOSPI,,21750,1,150,0.69,21750,21850,21500,20151,437290975,287730010500,13228966,STK
009680,KR7009680000,모토닉,KOSPI,,10240,1,60,0.59,10170,10340,10140,19494,199315050,287232000000,28050000,STK
003200,KR7003200003,일신방직,KOSPI,,12450,1,850,7.33,12000,12800,11880,91470,1135000810,285852000000,22960000,STK
000490,KR7000490003,대동,KOSPI,,9880,1,60,0.61,9820,9910,9700,95963,943977070,284809426200,28826865,STK
033530,KR7033530007,SJG세종,KOSPI,,10200,2,-180,-1.73,10480,10880,10110,1354547,14219725355,283773802200,27820961,STK
900140,KYG5307W1015,엘브이엠씨홀딩스,KOSPI,,1455,2,-29,-1.95,1485,1488,1452,414290,605428557,281164828560,193240432,STK
006340,KR7006340004,대원전선,KOSPI,,3640,1,10,0.28,3645,3710,3595,1405055,5105818763,280551802440,77074671,STK
010580,KR7010580009,에스엠벡셀,KOSPI,,2510,2,-65,-2.52,2590,2625,2500,725051,1840211248,279241917600,111251760,STK
003120,KR7003120003,일성아이에스,KOSPI,,20600,2,-450,-2.14,21300,21300,20550,5115,106069400,273980000000,13300000,STK
013890,KR7013890009,지누스,KOSPI,,12260,1,10,0.08,12330,12430,12220,13947,171615350,272841101760,22254576,STK
000320,KR7000320002,노루홀딩스,KOSPI,,20450,2,-350,-1.68,20850,21150,20400,19453,400198850,271804037950,13291151,STK
007160,KR7007160005,사조산업,KOSPI,,54300,1,500,0.93,53900,56100,53300,8045,440803000,271500000000,5000000,STK
000430,KR7000430009,대원강업,KOSPI,,4365,2,-30,-0.68,4445,4570,4345,310432,1382335762,270630000000,62000000,STK
092790,KR7092790005,넥스틸,KOSPI,,10320,2,-280,-2.64,10610,10640,10320,144985,1512258750,268340640000,26002000,STK
001460,KR7001460005,BYC,KOSPI,,42950,1,700,1.66,42550,43150,42200,2528,107697700,268272142500,6246150,STK
004360,KR7004360004,세방,KOSPI,,13900,2,-200,-1.42,14100,14160,13870,38205,534835610,265706881700,19115603,STK
000680,KR7000680009,LS네트웍스,KOSPI,,3370,1,75,2.28,3300,3405,3295,174573,584103232,265566163920,78803016,STK
096760,KR7096760004,JW홀딩스,KOSPI,,3545,1,85,2.46,3450,3555,3450,61527,215136718,262063919390,73924942,STK
108670,KR7108670001,LX하우시스,KOSPI,,28950,1,450,1.58,28500,29150,28500,15376,443633425,259614046500,8967670,STK
035150,KR7035150002,백산,KOSPI,,12520,2,-90,-0.71,12690,12690,12460,14771,184862660,257397014840,20558867,STK
007860,KR7007860000,서연,KOSPI,,10910,1,900,8.99,10450,11990,10450,2100695,23642825845,256165098040,23479844,STK
122900,KR7122900004,아이마켓코리아,KOSPI,,7640,1,20,0.26,7640,7670,7600,18579,141651535,255396337600,33428840,STK
003220,KR7003220001,대원제약,KOSPI,,11350,2,-10,-0.09,11440,11500,11290,23592,267158995,254553067050,22427583,STK
033920,KR7033920000,무학,KOSPI,,8900,1,10,0.11,8890,8930,8800,15231,134997705,253650000000,28500000,STK
005500,KR7005500004,삼진제약,KOSPI,,18930,2,-140,-0.73,19240,19280,18900,19999,379212090,252147600000,13320000,STK
001790,KR7001790005,대한제당,KOSPI,,2785,3,0,0.0,2780,2800,2765,194661,541923442,249804975300,89696580,STK
078520,KR7078520004,에이블씨엔씨,KOSPI,,9540,2,-190,-1.95,9700,9730,9490,100479,960982265,248175095940,26014161,STK
002900,KR7002900009,TYM,KOSPI,,5990,1,10,0.17,5980,6060,5880,162397,970097395,247986000000,41400000,STK
037710,KR7037710001,광주신세계,KOSPI,,31000,1,50,0.16,30750,31100,30750,4725,146382075,246672890000,7957190,STK
084010,KR7084010008,대한제강,KOSPI,,10710,2,-310,-2.81,11090,11090,10630,34041,364973845,245413191870,22914397,STK
011500,KR7011500006,한농화성,KOSPI,,15550,2,-30,-0.19,15560,15760,15270,79665,1238748790,243156003100,15637042,STK
001130,KR7001130004,대한제분,KOSPI,,142600,1,100,0.07,141500,143800,141500,1292,184243600,240994000000,1690000,STK
244920,KR7244920005,에이플러스에셋,KOSPI,,10600,1,720,7.29,9810,10670,9810,202874,2109610610,239641545800,22607693,STK
001340,KR7001340009,PKC,KOSPI,,5320,2,-100,-1.85,5450,5450,5270,140465,747931930,238965925240,44918407,STK
058430,KR7058430000,포스코스틸리온,KOSPI,,39550,2,-900,-2.22,40450,40950,39000,45061,1794820575,237300000000,6000000,STK
001750,KR7001750009,한양증권,KOSPI,,18500,1,10,0.05,18550,18650,18380,30279,559189475,235477879000,12728534,STK
210980,KR7210980009,SK디앤디,KOSPI,,12640,2,-40,-0.32,12660,12690,12620,14066,177753295,235323708480,18617382,STK
008490,KR7008490005,서흥,KOSPI,,20250,1,290,1.45,20300,20350,20000,9638,194511250,234274538250,11569113,STK
035510,KR7035510007,신세계 I&C,KOSPI,,16740,1,1060,6.76,15920,17270,15920,502050,8466125510,234040266000,13980900,STK
004980,KR7004980009,성신양회,KOSPI,,9440,2,-160,-1.67,9600,9680,9210,58195,546806885,231431729120,24516073,STK
000050,KR7000050005,경방,KOSPI,,8440,2,-10,-0.12,8450,8570,8340,85651,725586050,231384878800,27415270,STK
084680,KR7084680008,이월드,KOSPI,,1608,1,10,0.63,1615,1661,1601,408131,664340646,228024358344,141806193,STK
028100,KR7028100006,동아지질,KOSPI,,17010,3,0,0.0,17020,17280,17000,33147,564938190,227755429020,13389502,STK
136490,KR7136490000,선진,KOSPI,,9570,1,30,0.31,9530,9750,9510,76366,736927230,227570810280,23779604,STK
001630,KR7001630003,종근당홀딩스,KOSPI,,45150,1,200,0.44,45000,45500,44650,5163,232680950,226195224150,5009861,STK
000540,KR7000540005,흥국화재,KOSPI,,3505,1,35,1.01,3520,3570,3470,33520,117730455,225170470725,64242645,STK
001230,KR7001230002,동국홀딩스,KOSPI,,7080,2,-50,-0.7,7130,7180,7070,52212,371591640,225147419640,31800483,STK
000140,KR7000140004,하이트진로홀딩스,KOSPI,,9660,1,20,0.21,9640,9780,9630,21858,211954560,224177349900,23206765,STK
005010,KR7005010004,휴스틸,KOSPI,,3940,2,-35,-0.88,3975,4005,3930,128815,508787911,221381015500,56188075,STK
007460,KR7007460009,에이프로젠,KOSPI,,672,2,-17,-2.47,689,690,664,1468690,986783096,221292980160,329305030,STK
271980,KR7271980005,제일약품,KOSPI,,14990,1,100,0.67,14980,15000,14580,36315,533228210,220426031280,14704872,STK
003610,KR7003610003,방림,KOSPI,,5440,2,-20,-0.37,5460,5550,5430,72649,399181920,218699739520,40202158,STK
404990,KR7404990004,신한서부티엔디리츠,KOSPI,,3700,2,-30,-0.8,3730,3730,3695,33536,124294698,218685939600,59104308,STK
487570,KR7487570004,HS효성,KOSPI,,58200,1,200,0.34,57500,58700,57500,18702,1085544800,216848951400,3725927,STK
117580,KR7117580001,대성에너지,KOSPI,,7830,2,-20,-0.25,7850,7900,7800,39832,311769475,215325000000,27500000,STK
030210,KR7030210009,다올투자증권,KOSPI,,3525,1,75,2.17,3460,3525,3460,61307,214073955,214711648650,60911106,STK
003350,KR7003350006,한국화장품제조,KOSPI,,47300,2,-400,-0.84,47700,47700,47050,14067,663593975,214363600000,4532000,STK
005950,KR7005950001,이수화학,KOSPI,,8140,2,-150,-1.81,8300,8500,8060,191047,1568246785,214034535660,26294169,STK
134380,KR7134380005,미원화학,KOSPI,,97000,1,800,0.83,96700,97000,96700,1123,108848900,213328996000,2199268,STK
004430,KR7004430005,송원산업,KOSPI,,8880,1,160,1.83,8720,9010,8720,86258,765826245,213120000000,24000000,STK
339770,KR7339770000,교촌에프앤비,KOSPI,,4265,1,90,2.16,4200,4280,4200,69517,295226160,213101066200,49965080,STK
012610,KR7012610002,경인양행,KOSPI,,5030,1,410,8.87,4620,5070,4620,2626940,12907465595,209330315950,41616365,STK
003650,KR7003650009,미창석유,KOSPI,,119900,2,-900,-0.75,120800,121100,119000,1162,139149400,208586672800,1739672,STK
000860,KR7000860007,강남제비스코,KOSPI,,16010,1,630,4.1,15380,16370,15300,80653,1279006435,208130000000,13000000,STK
095570,KR7095570008,AJ네트웍스,KOSPI,,4555,2,-30,-0.65,4550,4595,4525,47308,215333725,206126317245,45252759,STK
002150,KR7002150001,도화엔지니어링,KOSPI,,6100,2,-20,-0.33,6120,6120,6060,28213,171766330,205692000000,33720000,STK
298690,KR7298690009,에어부산,KOSPI,,1763,1,19,1.09,1738,1782,1731,539950,953519741,205636320000,116640000,STK
102260,KR7102260007,동성케미컬,KOSPI,,4095,2,-30,-0.73,4125,4140,4085,60295,247518565,205473959145,50176791,STK
025000,KR7025000001,KPX케미칼,KOSPI,,46800,1,400,0.86,46600,47000,46550,2466,115233425,204923581200,4378709,STK
005430,KR7005430004,한국공항,KOSPI,,64400,2,-300,-0.46,64800,65600,64100,3284,212209700,203913262000,3166355,STK
000520,KR7000520007,삼일제약,KOSPI,,9380,1,30,0.32,9350,9500,9270,70172,654408245,203469187180,21691811,STK
001780,KR7001780006,알루코,KOSPI,,2100,1,10,0.48,2095,2135,2080,553642,1165987431,203343277200,96830132,STK
025620,KR7025620006,차AI헬스케어,KOSPI,,11160,1,610,5.78,10610,11250,10560,40546,444449990,203156338680,18203973,STK
044450,KR7044450005,KSS해운,KOSPI,,8760,1,10,0.11,8800,8860,8720,30478,267430500,202232308800,23085880,STK
214420,KR7214420002,토니모리,KOSPI,,8380,2,-60,-0.71,8400,8480,8320,61435,514433085,201579215620,24054799,STK
001520,KR7001520006,동양,KOSPI,,842,1,2,0.24,844,863,835,2073335,1760280672,200971981046,238684063,STK
009470,KR7009470006,삼화전기,KOSPI,,30100,2,-200,-0.66,30350,30750,29800,35957,1082639550,199075982000,6613820,STK
234080,KR7234080000,JW생명과학,KOSPI,,12530,1,70,0.56,12500,12610,12430,29604,369829130,198406961620,15834554,STK
053690,KR7053690004,한미글로벌,KOSPI,,18090,1,140,0.78,17960,18500,17870,92481,1679541455,198222079500,10957550,STK
016580,KR7016580003,환인제약,KOSPI,,10600,3,0,0.0,10600,10660,10570,10013,106179680,197160742000,18600070,STK
101530,KR7101530004,해태제과식품,KOSPI,,6670,2,-130,-1.91,6810,6910,6660,32685,220963760,194209202740,29116822,STK
010820,KR7010820009,퍼스텍,KOSPI,,3975,2,-15,-0.38,3990,4045,3900,462846,1829375645,193868453550,48771938,STK
102460,KR7102460003,이연제약,KOSPI,,10330,2,-170,-1.62,10570,10570,10250,34682,357887540,192001757630,18586811,STK
001250,KR7001250000,GS글로벌,KOSPI,,2325,1,10,0.43,2315,2360,2295,432583,1006640983,191891001300,82533764,STK
025820,KR7025820002,이구산업,KOSPI,,5720,2,-110,-1.89,5860,5910,5720,532953,3084227725,191288240000,33442000,STK
213500,KR7213500002,한솔제지,KOSPI,,8020,2,-30,-0.37,8040,8050,8000,31733,254476670,190880619520,23800576,STK
272550,KR7272550005,삼양패키징,KOSPI,,12540,2,-50,-0.4,12610,12610,12470,19161,239651730,188957811240,15068406,STK
009070,KR7009070004,KCTC,KOSPI,,6280,2,-110,-1.72,6390,6530,6270,413714,2631933085,188400000000,30000000,STK
003720,KR7003720000,삼영,KOSPI,,5520,2,-200,-3.5,5700,5700,5460,423983,2347791320,187680000000,34000000,STK
016880,KR7016880007,웅진,KOSPI,,2345,2,-25,-1.05,2415,2425,2300,500875,1181750512,187429002600,79927080,STK
400760,KR7400760005,NH올원리츠,KOSPI,,3365,2,-5,-0.15,3370,3380,3360,32655,109935575,184837010375,54929275,STK
001080,KR7001080001,만호제강,KOSPI,,44350,1,3050,7.38,41300,44950,38800,14860,634991200,184052500000,4150000,STK
031440,KR7031440001,신세계푸드,KOSPI,,47100,1,100,0.21,47200,47200,46900,3435,161412800,182393808000,3872480,STK
293480,KR7293480000,하나제약,KOSPI,,10260,2,-100,-0.97,10360,10400,10220,19151,197222450,182350425960,17772946,STK
000390,KR7000390005,삼화페인트,KOSPI,,6700,1,70,1.06,6650,6760,6600,257153,1720109965,182263242300,27203469,STK
006060,KR7006060008,화승인더,KOSPI,,3285,2,-20,-0.61,3335,3340,3280,81878,270190356,181726200000,55320000,STK
004710,KR7004710000,한솔테크닉스,KOSPI,,5650,2,-40,-0.7,5690,5840,5650,72602,413370505,181420810700,32109878,STK
013580,KR7013580006,계룡건설,KOSPI,,20300,1,300,1.5,19990,20550,19950,70456,1429887180,181297412100,8930907,STK
015230,KR7015230006,대창단조,KOSPI,,6330,2,-40,-0.63,6370,6410,6290,20369,129243430,180862215900,28572230,STK
004560,KR7004560009,현대비앤지스틸,KOSPI,,11940,2,-180,-1.49,12200,12200,11910,43901,527902395,180041003340,15078811,STK
004090,KR7004090007,한국석유,KOSPI,,14130,2,-670,-4.53,14490,14490,14050,318312,4507453035,179367915600,12694120,STK
008970,KR7008970006,KBI동양철관,KOSPI,,1719,2,-46,-2.61,1768,1808,1710,1992469,3487385989,178375313133,103766907,STK
037560,KR7037560000,LG헬로비전,KOSPI,,2260,1,5,0.22,2255,2285,2245,86605,195716386,175029914900,77446865,STK
014280,KR7014280002,금강공업,KOSPI,,5840,1,50,0.86,5790,5900,5760,252176,1472951825,171283444880,29329357,STK
084670,KR7084670009,동양고속,KOSPI,,58800,2,-5800,-8.98,65300,66500,58500,238103,14322613550,170259457200,2895569,STK
000020,KR7000020008,동화약품,KOSPI,,6020,2,-20,-0.33,6050,6050,5980,36712,220487455,168147449400,27931470,STK
010100,KR7010100006,한국무브넥스,KOSPI,,5460,2,-60,-1.09,5600,5840,5400,2374118,13359075480,166259293200,30450420,STK
081000,KR7081000002,일진다이아,KOSPI,,11670,1,70,0.6,11620,11730,11470,14447,167140170,165748718250,14202975,STK
009270,KR7009270000,신원,KOSPI,,1439,2,-9,-0.62,1442,1472,1425,208332,301942631,165154595527,114770393,STK
123690,KR7123690000,한국화장품,KOSPI,,10250,2,-70,-0.68,10500,10500,10230,242752,2504935505,164697000000,16068000,STK
100250,KR7100250000,진양홀딩스,KOSPI,,2940,2,-130,-4.23,3100,3100,2905,277973,821164445,164332158480,55895292,STK
090350,KR7090350000,노루페인트,KOSPI,,8110,2,-60,-0.73,8170,8220,8100,48287,393296790,162200000000,20000000,STK
018470,KR7018470005,조일알미늄,KOSPI,,1270,2,-5,-0.39,1275,1289,1258,393361,499709229,160822285670,126631721,STK
317400,KR7317400000,자이에스앤디,KOSPI,,4080,2,-45,-1.09,4135,4200,4070,57176,235534358,158232681600,38782520,STK
008350,KR7008350001,남선알미늄,KOSPI,,1204,2,-5,-0.41,1207,1238,1200,1416037,1712401314,155411224360,129079090,STK
002990,KR7002990000,금호건설,KOSPI,,4200,2,-20,-0.47,4215,4285,4150,111718,470759027,155386392000,36996760,STK
014710,KR7014710008,사조씨푸드,KOSPI,,9010,2,-120,-1.31,9130,9210,8900,29269,265278690,155139072430,17218543,STK
070960,KR7070960000,모나용평,KOSPI,,3210,1,20,0.63,3280,3280,3170,31392,100769624,154507998930,48133333,STK
460850,KR7460850001,동국씨엠,KOSPI,,5130,1,20,0.39,5110,5150,5110,52862,271313190,153380105280,29898656,STK
008040,KR7008040008,사조동아원,KOSPI,,1076,1,6,0.56,1072,1080,1065,297292,319260062,151871589600,141144600,STK
011690,KR7011690005,와이투솔루션,KOSPI,,4145,2,-50,-1.19,4290,4310,4120,318716,1336212007,151600863130,36574394,STK
019440,KR7019440007,세아특수강,KOSPI,,17670,2,-370,-2.05,18040,18130,17440,24868,438753415,151431900000,8570000,STK
011000,KR7011000007,진원생명과학,KOSPI,,1761,1,1,0.06,1760,1790,1725,300237,525233957,150406897296,85409936,STK
210540,KR7210540001,디와이파워,KOSPI,,13550,1,50,0.37,13500,13610,13390,30966,418927825,149615143400,11041708,STK
002390,KR7002390003,한독,KOSPI,,10850,1,20,0.18,10790,10860,10700,25098,269838805,149334333050,13763533,STK
011280,KR7011280005,태림포장,KOSPI,,2105,1,5,0.24,2085,2125,2075,141895,298522455,149046503700,70805940,STK
019680,KR7019680008,대교,KOSPI,,1744,2,-4,-0.23,1748,1758,1732,64579,112585483,147721770400,84702850,STK
000230,KR7000230003,일동홀딩스,KOSPI,,12700,2,-160,-1.24,12820,12820,12110,76458,947651845,146563080000,11540400,STK
019180,KR7019180009,티에이치엔,KOSPI,,8030,2,-620,-7.17,8690,8690,7800,1460356,11798847735,144540000000,18000000,STK
350520,KR7350520003,이지스레지던스리츠,KOSPI,,3900,2,-15,-0.38,3930,3930,3895,42061,164094662,143778187800,36866202,STK
094280,KR7094280005,효성ITX,KOSPI,,12430,1,140,1.14,12290,12500,12250,16398,203396300,143668426000,11558200,STK
001360,KR7001360007,삼성제약,KOSPI,,1510,1,55,3.78,1455,1558,1439,1797952,2710275659,142184739290,94162079,STK
089470,KR7089470009,HDC현대EP,KOSPI,,4445,1,85,1.95,4360,4455,4270,72347,317275879,141795500000,31900000,STK
003480,KR7003480001,한진중공업홀딩스,KOSPI,,4710,2,-10,-0.21,4720,4775,4655,25035,117853468,139085414520,29529812,STK
083420,KR7083420000,그린케미칼,KOSPI,,5790,2,-120,-2.03,5910,5970,5760,69132,403266890,138960000000,24000000,STK
007540,KR7007540008,샘표,KOSPI,,47800,2,-200,-0.42,48000,48150,47400,4958,236743950,137463240000,2875800,STK
092220,KR7092220003,KEC,KOSPI,,680,2,-7,-1.02,687,698,677,548675,373864159,136518935880,200763141,STK
077500,KR7077500007,유니퀘스트,KOSPI,,6310,2,-20,-0.32,6420,6470,6300,127473,813079815,136296643620,21600102,STK
015890,KR7015890007,태경산업,KOSPI,,4660,2,-15,-0.32,4675,4690,4645,33646,156683104,136205975000,29228750,STK
214390,KR7214390007,경보제약,KOSPI,,5690,2,-50,-0.87,5750,5760,5620,48164,272940280,136030033400,23906860,STK
095720,KR7095720009,웅진씽크빅,KOSPI,,1171,2,-6,-0.51,1166,1190,1160,122360,143134597,135257508435,115505985,STK
248170,KR7248170003,샘표식품,KOSPI,,29600,2,-550,-1.82,30300,30300,29550,12928,385886900,135221265600,4568286,STK
079430,KR7079430005,현대리바트,KOSPI,,6520,2,-10,-0.15,6530,6600,6490,15467,100847760,133890038640,20535282,STK
004250,KR7004250007,NPC,KOSPI,,3645,1,5,0.14,3700,3710,3610,33370,121392842,133844400000,36720000,STK
013570,KR7013570007,디와이,KOSPI,,5060,1,10,0.2,5090,5170,4960,135773,688392545,133177342980,26319633,STK
024090,KR7024090003,디씨엠,KOSPI,,11570,2,-180,-1.53,11800,11920,11540,16007,186089150,131898000000,11400000,STK
101140,KR7101140002,인바이오젠,KOSPI,,13090,1,890,7.3,12510,13740,12390,35225,465703205,131478787440,10044216,STK
004080,KR7004080008,신흥,KOSPI,,13720,2,-120,-0.87,13820,14200,13550,8666,119256500,130340000000,9500000,STK
012320,KR7012320008,경동인베스트,KOSPI,,53900,1,500,0.94,53800,53900,53100,3768,201807200,127474739700,2365023,STK
036420,KR7036420008,콘텐트리중앙,KOSPI,,6540,2,-210,-3.11,6750,6780,6450,77997,514237860,125975494320,19262308,STK
069460,KR7069460004,대호에이엘,KOSPI,,1433,1,14,0.99,1420,1466,1405,256248,364592016,124774107216,87071952,STK
005960,KR7005960000,동부건설,KOSPI,,5430,1,30,0.56,5780,5780,5410,95227,531781170,124600380090,22946663,STK
004150,KR7004150009,한솔홀딩스,KOSPI,,3005,1,5,0.17,2995,3015,2980,48848,146236110,123284993100,41026620,STK
267850,KR7267850006,아시아나IDT,KOSPI,,11090,1,140,1.28,11040,11200,10980,14052,155998720,123099000000,11100000,STK
023810,KR7023810005,인팩,KOSPI,,12290,2,-350,-2.77,12740,12850,12270,64832,813369125,122900000000,10000000,STK
014580,KR7014580005,태경비케이,KOSPI,,4445,2,-55,-1.22,4500,4520,4415,93134,415056032,122606879500,27583100,STK
012800,KR7012800009,대창,KOSPI,,1341,2,-13,-0.96,1354,1369,1334,788381,1058350466,122219409159,91140499,STK
007110,KR7007110000,일신석재,KOSPI,,1575,2,-12,-0.76,1588,1640,1520,286538,453714743,121994160750,77456610,STK
267290,KR7267290005,경동도시가스,KOSPI,,20600,2,-100,-0.48,20700,20700,20450,17645,361920700,121445363600,5895406,STK
002460,KR7002460004,HS화성,KOSPI,,11910,1,310,2.67,11600,11990,11600,9106,107734230,120886500000,10150000,STK
021820,KR7021820006,세원정공,KOSPI,,12080,1,340,2.9,11820,12490,11650,18169,219807560,120800000000,10000000,STK
067830,KR7067830000,세이브존I&C,KOSPI,,2925,2,-15,-0.51,2995,2995,2900,105749,309107325,120044617875,41040895,STK
044820,KR7044820009,코스맥스비티아이,KOSPI,,12430,2,-30,-0.24,12600,12650,12400,11203,139535470,119376738030,9603921,STK
003580,KR7003580008,HLB글로벌,KOSPI,,2350,2,-30,-1.26,2380,2385,2315,95134,221529991,119059236750,50663505,STK
020120,KR7020120002,키다리스튜디오,KOSPI,,3190,2,-55,-1.69,3215,3265,3175,47044,150463069,118233413540,37063766,STK
013520,KR7013520002,화승코퍼레이션,KOSPI,,2350,2,-40,-1.67,2390,2420,2300,251332,593003086,117620442200,50051252,STK
023800,KR7023800006,인지컨트롤스,KOSPI,,7440,1,190,2.62,7370,7790,7300,486169,3646372500,117620425680,15809197,STK
014530,KR7014530000,극동유화,KOSPI,,3365,2,-10,-0.3,3360,3380,3320,99680,333733170,117335598300,34869420,STK
004140,KR7004140000,동방,KOSPI,,2445,2,-20,-0.81,2455,2485,2435,167526,410889777,117290967870,47971766,STK
002220,KR7002220002,한일철강,KOSPI,,4380,1,25,0.57,4355,4785,4295,69733,305628325,116934874800,26697460,STK
058850,KR7058850009,KTcs,KOSPI,,2715,2,-5,-0.18,2720,2740,2710,111058,302257823,115889775000,42685000,STK
016740,KR7016740003,두올,KOSPI,,3990,1,70,1.79,3920,4150,3850,260852,1039145040,114409355760,28674024,STK
214330,KR7214330003,금호에이치티,KOSPI,,519,1,1,0.19,518,523,514,345974,178888132,113166138690,218046510,STK
006660,KR7006660005,삼성공조,KOSPI,,13830,2,-110,-0.79,13970,14170,13420,39947,555318715,112386922620,8126314,STK
017370,KR7017370008,우신시스템,KOSPI,,6100,2,-20,-0.33,6080,6290,6020,82143,505334060,111715729400,18314054,STK
005870,KR7005870001,휴니드,KOSPI,,7910,2,-210,-2.59,8060,8130,7840,135759,1079499830,111657678650,14116015,STK
007210,KR7007210008,벽산,KOSPI,,1653,1,11,0.67,1643,1664,1643,91352,151369642,110519580000,66860000,STK
004960,KR7004960001,한신공영,KOSPI,,9500,1,40,0.42,9420,9620,9390,62868,597558590,109921669000,11570702,STK
014160,KR7014160006,대영포장,KOSPI,,1011,2,-4,-0.39,1018,1024,1009,143991,145598941,109586889039,108394549,STK
013360,KR7013360003,일성건설,KOSPI,,2020,2,-10,-0.49,2040,2060,1992,526383,1064296932,109130257600,54024880,STK
011330,KR7011330008,유니켐,KOSPI,,1165,2,-11,-0.94,1176,1191,1161,220910,260512293,108957414870,93525678,STK
008700,KR7008700007,아남전자,KOSPI,,1403,2,-14,-0.99,1420,1455,1402,328331,464877831,108206122460,77124820,STK
227840,KR7227840006,현대코퍼레이션홀딩스,KOSPI,,11870,2,-90,-0.75,12000,12050,11830,19250,229646940,108026923320,9100836,STK
063160,KR7063160006,종근당바이오,KOSPI,,19390,2,-160,-0.82,19550,19560,19220,24538,474085810,106372803180,5485962,STK
017900,KR7017900002,광전자,KOSPI,,1834,2,-26,-1.4,1865,1865,1828,73844,135714984,106268861342,57943763,STK
264900,KR7264900002,크라운제과,KOSPI,,8460,2,-120,-1.4,8630,8630,8450,23080,196454200,105951771000,12523850,STK
017550,KR7017550005,수산세보틱스,KOSPI,,1689,1,7,0.42,1682,1690,1673,70578,118549034,105392130570,62399130,STK
068290,KR7068290006,삼성출판사,KOSPI,,10450,2,-80,-0.76,10530,10550,10210,14582,152408270,104500000000,10000000,STK
092780,KR7092780006,DYP,KOSPI,,7890,4,1820,29.98,7080,7890,6700,2949819,22254265375,103899149400,13168460,STK
011700,KR7011700002,한신기계,KOSPI,,3190,1,65,2.08,3125,3245,3100,606367,1937528473,103503221690,32446151,STK
396690,KR7396690000,미래에셋글로벌리츠,KOSPI,,2595,2,-10,-0.38,2605,2610,2595,65205,169506088,102777414300,39605940,STK
014790,KR7014790000,HL D&I,KOSPI,,2692,2,-3,-0.11,2725,2725,2650,59248,158828045,101915353892,37858601,STK
002780,KR7002780005,진흥기업,KOSPI,,691,2,-6,-0.86,698,699,685,507630,349867389,100520975795,145471745,STK
011150,KR7011150000,CJ씨푸드,KOSPI,,2795,2,-5,-0.18,2815,2830,2790,136377,382726343,100426510535,35930773,STK
